passport,destination,purpose,visaType,requirement,maxStayDays,multipleEntry,ordinaryPassport,sourceName,sourceUrl,notes
"AE","GB","TOURISM","TOURIST","VISA_REQUIRED","90","false","true","Official Government Immigration Source","","Tourism visa requirement information for AE passport holders."
"AE","US","TOURISM","TOURIST","VISA_REQUIRED","90","false","true","Official Government Immigration Source","","Tourism visa requirement information for AE passport holders."
"AE","CA","TOURISM","TOURIST","VISA_REQUIRED","90","false","true","Official Government Immigration Source","","Tourism visa requirement information for AE passport holders."
"AE","AU","TOURISM","TOURIST","VISA_REQUIRED","90","false","true","Official Government Immigration Source","","Tourism visa requirement information for AE passport holders."
"AE","NZ","TOURISM","TOURIST","VISA_REQUIRED","90","false","true","Official Government Immigration Source","","Tourism visa requirement information for AE passport holders."
"AE","FR","TOURISM","TOURIST","VISA_REQUIRED","90","false","true","Official Government Immigration Source","","Tourism visa requirement information for AE passport holders."
"AE","DE","TOURISM","TOURIST","VISA_REQUIRED","90","false","true","Official Government Immigration Source","","Tourism visa requirement information for AE passport holders."
"AE","IT","TOURISM","TOURIST","VISA_REQUIRED","90","false","true","Official Government Immigration Source","","Tourism visa requirement information for AE passport holders."
"AE","ES","TOURISM","TOURIST","VISA_REQUIRED","90","false","true","Official Government Immigration Source","","Tourism visa requirement information for AE passport holders."
"AE","NL","TOURISM","TOURIST","VISA_REQUIRED","90","false","true","Official Government Immigration Source","","Tourism visa requirement information for AE passport holders."
"AE","CH","TOURISM","TOURIST","VISA_REQUIRED","90","false","true","Official Government Immigration Source","","Tourism visa requirement information for AE passport holders."
"AE","AT","TOURISM","TOURIST","VISA_REQUIRED","90","false","true","Official Government Immigration Source","","Tourism visa requirement information for AE passport holders."
"AE","TR","TOURISM","TOURIST","VISA_REQUIRED","90","false","true","Official Government Immigration Source","","Tourism visa requirement information for AE passport holders."
"AE","JP","TOURISM","TOURIST","VISA_REQUIRED","90","false","true","Official Government Immigration Source","","Tourism visa requirement information for AE passport holders."
"AE","KR","TOURISM","TOURIST","VISA_REQUIRED","90","false","true","Official Government Immigration Source","","Tourism visa requirement information for AE passport holders."
"AE","CN","TOURISM","TOURIST","VISA_REQUIRED","90","false","true","Official Government Immigration Source","","Tourism visa requirement information for AE passport holders."
"AE","IN","TOURISM","TOURIST","VISA_REQUIRED","90","false","true","Official Government Immigration Source","","Tourism visa requirement information for AE passport holders."
"AE","PK","TOURISM","TOURIST","VISA_REQUIRED","90","false","true","Official Government Immigration Source","","Tourism visa requirement information for AE passport holders."
"AE","SA","TOURISM","TOURIST","VISA_REQUIRED","90","false","true","Official Government Immigration Source","","Tourism visa requirement information for AE passport holders."
"AE","QA","TOURISM","TOURIST","VISA_REQUIRED","90","false","true","Official Government Immigration Source","","Tourism visa requirement information for AE passport holders."
"AE","OM","TOURISM","TOURIST","VISA_REQUIRED","90","false","true","Official Government Immigration Source","","Tourism visa requirement information for AE passport holders."
"AE","BH","TOURISM","TOURIST","VISA_REQUIRED","90","false","true","Official Government Immigration Source","","Tourism visa requirement information for AE passport holders."
"AE","SG","TOURISM","TOURIST","VISA_REQUIRED","90","false","true","Official Government Immigration Source","","Tourism visa requirement information for AE passport holders."
"AE","MY","TOURISM","TOURIST","VISA_REQUIRED","90","false","true","Official Government Immigration Source","","Tourism visa requirement information for AE passport holders."
"AE","TH","TOURISM","TOURIST","VISA_REQUIRED","90","false","true","Official Government Immigration Source","","Tourism visa requirement information for AE passport holders."
"AE","ID","TOURISM","TOURIST","VISA_REQUIRED","90","false","true","Official Government Immigration Source","","Tourism visa requirement information for AE passport holders."
"AE","VN","TOURISM","TOURIST","VISA_REQUIRED","90","false","true","Official Government Immigration Source","","Tourism visa requirement information for AE passport holders."